{
    "intents": [
        {
            "tag": "greetings",
            "patterns": [
                "hello",
                "hey",
                "hi",
                "good day",
                "Greetings",
                "what's up?",
                "how is it going?",
                "Hey there!",
                "Morning!",
                "How are things?",
                "What's new?",
                "It's good to see you",
                "G'day!",
                "Howdy!",
                "What's up?",
                "How's it going?",
                "What's happening?",
                "What's the story?",
                "Yo!",
                "Hi there",
                "Good morning",
                "Good afternoon",
                "Good evening",
                "It's nice to meet you",
                "It's a pleasure to meet you",
                "Pleased to meet you"
            ],
            "responses": [
                "Hello!",
                "Hey!",
                "What can I do for you?",
                "It's nice to meet you",
                "It's a pleasure to meet you",
                "It's good to see you",
                "Hi there",
                "Pleased to meet you"
            ]
        },
        {
            "tag": "goodbye",
            "patterns": [
                "cya",
                "See you later",
                "Goodbye",
                "I am Leaving",
                "Have a Good day",
                "bye",
                "cao",
                "see ya",
                "Have a good day",
                "Farewell",
                "Have a nice day",
                "Have a good evening",
                "Have a good night",
                "Take care",
                "Bye bye",
                "Later!",
                "Talk to you later",
                "Have a good one",
                "So long",
                "All right then",
                "Catch you later",
                "Peace!",
                "I'm out",
                "Smell you later"
            ],
            "responses": [
                "Sad to see you go :(",
                "Talk to you later",
                "Goodbye!",
                "Have a good day",
                "Farewell",
                "Have a nice day",
                "Take care",
                "Bye",
                "See you later",
                "Bye bye",
                "Have a good one",
                "So long",
                "All right then",
                "Catch you later",
                "Peace!"
            ]
        },
        {
            "tag": "age",
            "patterns": [
                "how old",
                "how old is DAC",
                "what is your age",
                "how old are you",
                "age?"
            ],
            "responses": [
                "My owner DAC is 20 years old!",
                "20 years!",
                "I'm 20"
            ]
        },
        {
            "tag": "name",
            "patterns": [
                "what is your name",
                "What is your full name?",
                "what should I call you",
                "Your name is ?",
                "How do I call you?",
                "whats your name?",
                "who are you?",
                "Can you tell me whats your name?"
            ],
            "responses": [
                "You can call me Corgiman!",
                "I'm Corgiman",
                "I'm Corgiman the assistant of DAC",
                "My name's Corgiman",
                "Corgiman is my name"

            ]
        },
        {
            "tag": "learn",
            "patterns": [
                "What are we going to learn today?",
                "What do we learn today?",
                "learn what"
            ],
            "responses": [
                "We will learn about pandas in python",
                "We will start by checking the old lesson",
                "Can you guess what we will learn today ?"
            ]
        },
        {
            "tag": "time",
            "patterns": [
                "What time is it ?",
                "Can you tell me the time now?",
                "Do you have the time?",
                "Have you got the time?"
            ],
            "responses": [
                "I not wear a watch",
                "I don't know",
                "Let me check on that"
            ]
        },
        {
            "tag": "lesson",
            "patterns": [
                "I don't know here",
                "I'm not sure if I did this correctly",
                "Can you help me correct this lesson?"
            ],
            "responses": [
                "Let me see that",
                "Do not be shy. Can you tell me?"
            ]
        },
        {
            "tag": "noanswer",
            "patterns": [],
            "responses": [
                "Sorry, I can't understand you",
                "Please give me more info",
                "Not sure I understand"
            ]
        },
        {
            "tag": "options",
            "patterns": [
                "How you could help me?",
                "What you can do?",
                "What help you provide?",
                "How you can be helpful?",
                "What support is offered"
            ],
            "responses": [
                "I can guide you through some courses"
            ]
        },
        {
            "tag": "tutor",
            "patterns": [
                "teach me please",
                "teach me some course",
                "can you tutor me",
                "give me some lectures",
                "teach me now"
            ],
            "responses": [
                "what subject do you want to learn?",
                "Tell me about the subject please?",
                "Provide the subject please?"
            ]
        },
        {
            "tag": "lecture",
            "patterns": [
                "I want to learn the neural network",
                "The neural network please!",
                "How about neural network?",
                "neural network",
                "deep learning"
            ],
            "responses": [
                "Loading knowledge :: neural network"
            ]
        },
        {
            "tag": "neural network",
            "patterns": [
                "what is AI?",
                "I don't understand about artificial intelligence",
                "I have no idea about AI"
            ],
            "responses": [
                "Loading knowledge :: AI"
            ]
        },
        {
            "tag": "weather",
            "patterns": [
                "What's the weather like today?",
                "What's the forecast?"
            ],
            "responses": [
                "There are scattered thunderstorms. Chance of rain: 60%. Humidity: 70%. Wind: 10 km/h"
            ]
        },
        {
            "tag": "thanks",
            "patterns": [
                "Thanks",
                "Thank you",
                "That's helpful",
                "Awesome, thanks",
                "Thanks for helping me"
            ],
            "responses": [
                "Happy to help!",
                "Any time!",
                "My pleasure"
            ]
        }
    ]
}